{"metadata":{"asset_id":"53f38db2-fa4b-4ac7-93d4-a263621373ae","asset_attributes":["data_asset","directory_asset"],"name":"water_potability.csv","asset_type":"data_asset","created_at":"2024-07-04T10:40:18Z","origin_country":"us","owner_id":"IBMid-692000FZIL","project_id":"a2456f03-dbd6-4e5d-9c0c-93bb24a36be0","size":344696,"usage":{"last_update_time":1720089618497,"last_updated_at":"2024-07-04T10:40:18Z"}},"entity":{"data_asset":{"mime_type":"text/csv","dataset":false},"directory_asset":{"path":""},"location_definition":{"physical_location_code_assignment_method":"INFERRED","physical_location_code":"DAL","physical_location_code_assigned_by":"IBMid-692000FZIL","physical_location_code_added_on":"1720089618645","physical_location_code_rds_version":"00002024-0626-4132-8822-247650000000_4","physical_location_code_rds_id":"c57cb90f-2126-3800-9c9f-9eab82021cdf"}},"attachments":[{"id":"431e7600-35cc-4e79-9e29-51933644ce8f","version":2,"asset_type":"data_asset","name":"water_potability.csv","mime":"text/csv","datasource_type":"193a97c1-4475-4a19-b90c-295c4fdc6517","object_key":"water_potability.csv","creator_id":"IBMid-692000FZIL","create_time":1720089618647,"size":344696,"is_remote":false,"is_managed":false,"is_referenced":true,"is_object_key_read_only":true,"is_user_provided_path_key":true,"transfer_complete":true,"is_partitioned":false,"complete_time_ticks":1720089618647,"user_data":{},"test_doc":0,"handle":{"bucket":"cleanwaterandsanitation-donotdelete-pr-hywaf9ektcwmgg","location":"us-south","type":"bluemix_cos","key":"water_potability.csv","upload_id":"done","max_part_num":1},"usage":{"access_count":0,"last_accessor_id":"IBMid-692000FZIL","last_access_time":1720089618647}}]}
