{"metadata":{"asset_id":"a86f4f94-806c-4f29-9da9-164759b72a8b","asset_attributes":["notebook"],"name":"Clean Water and Sanitation","asset_type":"notebook","created_at":"2024-07-04T10:05:12Z","description":"","origin_country":"us","owner_id":"IBMid-692000FZIL","project_id":"a2456f03-dbd6-4e5d-9c0c-93bb24a36be0","size":5512,"tags":["notebook"],"usage":{"last_update_time":1720090555034,"last_updated_at":"2024-07-04T10:55:55Z"}},"entity":{"notebook":{"kernel":{"name":"python3","display_name":"Python 3.10","language":"python"},"originates_from":{"type":"blank"},"runtime":{"environment":"rt231pys2-a2456f03-dbd6-4e5d-9c0c-93bb24a36be0"}},"location_definition":{"physical_location_code":"DAL","physical_location_code_assigned_by":"IBMid-692000FZIL","physical_location_code_rds_id":"c57cb90f-2126-3800-9c9f-9eab82021cdf","physical_location_code_rds_version":"00002024-0626-4132-8822-247650000000_4","physical_location_code_assignment_method":"INFERRED","physical_location_code_added_on":"1720087513922"}},"attachments":[{"id":"60126443-e6d7-4e4e-a3ab-e05b9db4fa08","version":2,"asset_type":"notebook","name":"attachment for notebook a86f4f94-806c-4f29-9da9-164759b72a8b","description":"attachment for notebook a86f4f94-806c-4f29-9da9-164759b72a8b","mime":"application/json","datasource_type":"193a97c1-4475-4a19-b90c-295c4fdc6517","object_key":"notebook/Clean_Water_and_Sanitation_x3QTi6oHN.ipynb","creator_id":"IBMid-692000FZIL","create_time":1720087513927,"size":5512,"is_remote":false,"is_managed":false,"is_referenced":true,"is_object_key_read_only":false,"is_user_provided_path_key":true,"transfer_complete":true,"is_partitioned":false,"complete_time_ticks":1720087513927,"user_data":{},"test_doc":0,"handle":{"bucket":"cleanwaterandsanitation-donotdelete-pr-hywaf9ektcwmgg","location":"us-south","type":"bluemix_cos","key":"notebook/Clean_Water_and_Sanitation_x3QTi6oHN.ipynb","upload_id":"done","max_part_num":1},"usage":{"access_count":10,"last_accessor_id":"IBMid-692000FZIL","last_access_time":1720090555032,"last_updater_id":"IBMid-692000FZIL","last_update_time":1720090555032}}]}
